;avg_gyro-alpha;avg_gyro-beta;avg_gyro-gamma;avg_ax;avg_ay;avg_az;min_gyro-alpha;min_gyro-beta;min_gyro-gamma;min_ax;min_ay;min_az;max_gyro-alpha;max_gyro-beta;max_gyro-gamma;max_ax;max_ay;max_az
2017-02-16 17:05:28.500;-17.9166666667;-4.59895833333;-8.02604166667;-0.226725260417;0.8662109375;-0.05224609375;-90.859375;-16.34375;-51.234375;-0.244140625;0.666015625;-0.166015625;18.5546875;1.2734375;13.578125;-0.19189453125;0.96630859375;0.004638671875
2017-02-16 17:05:29.000;-54.3880208333;-10.4713541667;-29.6302083333;-0.209309895833;0.76611328125;-0.109130859375;-90.859375;-16.34375;-51.234375;-0.244140625;0.666015625;-0.166015625;18.5546875;1.2734375;13.578125;-0.19189453125;0.96630859375;0.004638671875
2017-02-16 17:05:29.500;-90.859375;-16.34375;-51.234375;-0.19189453125;0.666015625;-0.166015625;-90.859375;-16.34375;-51.234375;-0.19189453125;0.666015625;-0.166015625;-90.859375;-16.34375;-51.234375;-0.19189453125;0.666015625;-0.166015625
2017-02-16 17:05:30.000;-51.90625;-0.65625;-23.76953125;-0.2724609375;0.811401367188;-0.0654296875;-90.859375;-16.34375;-51.234375;-0.35302734375;0.666015625;-0.166015625;-12.953125;15.03125;3.6953125;-0.19189453125;0.956787109375;0.03515625
2017-02-16 17:05:30.500;-12.953125;15.03125;3.6953125;-0.35302734375;0.956787109375;0.03515625;-12.953125;15.03125;3.6953125;-0.35302734375;0.956787109375;0.03515625;-12.953125;15.03125;3.6953125;-0.35302734375;0.956787109375;0.03515625
2017-02-16 17:05:31.000;-13.1640625;14.90625;-8.1953125;-0.313110351562;0.910766601562;0.0289306640625;-13.375;14.78125;-20.0859375;-0.35302734375;0.86474609375;0.022705078125;-12.953125;15.03125;3.6953125;-0.273193359375;0.956787109375;0.03515625
2017-02-16 17:05:31.500;-11.5888671875;14.5556640625;-15.66796875;-0.262268066406;0.881225585938;0.0469055175781;-13.375;12.9765625;-20.0859375;-0.273193359375;0.86474609375;0.022705078125;0.9140625;14.78125;15.2578125;-0.185791015625;0.99658203125;0.21630859375
2017-02-16 17:05:32.000;-4.4443359375;13.6533203125;2.00390625;-0.218566894531;0.947143554688;0.143707275391;-13.375;12.9765625;-20.0859375;-0.273193359375;0.86474609375;0.022705078125;0.9140625;14.78125;15.2578125;-0.185791015625;0.99658203125;0.21630859375
2017-02-16 17:05:32.500;0.9140625;12.9765625;15.2578125;-0.185791015625;0.99658203125;0.21630859375;0.9140625;12.9765625;15.2578125;-0.185791015625;0.99658203125;0.21630859375;0.9140625;12.9765625;15.2578125;-0.185791015625;0.99658203125;0.21630859375
2017-02-16 17:05:33.000;12.671875;-1.09765625;15.69140625;-0.22119140625;0.9736328125;0.206909179688;0.9140625;-15.171875;15.2578125;-0.256591796875;0.95068359375;0.197509765625;24.4296875;12.9765625;16.125;-0.185791015625;0.99658203125;0.21630859375
2017-02-16 17:05:33.500;24.4296875;-15.171875;16.125;-0.256591796875;0.95068359375;0.197509765625;24.4296875;-15.171875;16.125;-0.256591796875;0.95068359375;0.197509765625;24.4296875;-15.171875;16.125;-0.256591796875;0.95068359375;0.197509765625
2017-02-16 17:05:34.000;-10.58203125;8.0078125;9.98828125;-0.285400390625;0.894165039062;0.316040039062;-45.59375;-15.171875;3.8515625;-0.314208984375;0.837646484375;0.197509765625;24.4296875;31.1875;16.125;-0.256591796875;0.95068359375;0.4345703125
2017-02-16 17:05:34.500;-45.59375;31.1875;3.8515625;-0.314208984375;0.837646484375;0.4345703125;-45.59375;31.1875;3.8515625;-0.314208984375;0.837646484375;0.4345703125;-45.59375;31.1875;3.8515625;-0.314208984375;0.837646484375;0.4345703125
2017-02-16 17:05:35.000;-37.6328125;15.828125;-2.49609375;-0.265747070312;0.938964843747;0.244506835938;-45.59375;0.46875;-8.84375;-0.314208984375;0.837646484375;0.054443359375;-29.671875;31.1875;3.8515625;-0.21728515625;1.04028320312;0.4345703125
2017-02-16 17:05:35.500;-29.671875;0.46875;-8.84375;-0.21728515625;1.04028320312;0.054443359375;-29.671875;0.46875;-8.84375;-0.21728515625;1.04028320312;0.054443359375;-29.671875;0.46875;-8.84375;-0.21728515625;1.04028320312;0.054443359375
2017-02-16 17:05:36.000;51.01953125;7.8984375;-5.33984375;0.062255859375;0.843627929685;0.0618896484375;-29.671875;0.46875;-8.84375;-0.21728515625;0.64697265625;0.054443359375;131.7109375;15.328125;-1.8359375;0.341796875;1.04028320312;0.0693359375
2017-02-16 17:05:36.500;131.7109375;15.328125;-1.8359375;0.341796875;0.64697265625;0.0693359375;131.7109375;15.328125;-1.8359375;0.341796875;0.64697265625;0.0693359375;131.7109375;15.328125;-1.8359375;0.341796875;0.64697265625;0.0693359375
2017-02-16 17:05:37.000;42.3984375;12.41015625;-17.421875;0.19775390625;0.74072265625;0.218505859375;-46.9140625;9.4921875;-33.0078125;0.0537109375;0.64697265625;0.0693359375;131.7109375;15.328125;-1.8359375;0.341796875;0.83447265625;0.36767578125
2017-02-16 17:05:37.500;-46.9140625;9.4921875;-33.0078125;0.0537109375;0.83447265625;0.36767578125;-46.9140625;9.4921875;-33.0078125;0.0537109375;0.83447265625;0.36767578125;-46.9140625;9.4921875;-33.0078125;0.0537109375;0.83447265625;0.36767578125
2017-02-16 17:05:38.000;-34.59765625;2.3125;-13.61328125;-0.101684570312;0.9013671875;0.303466796875;-46.9140625;-4.8671875;-33.0078125;-0.257080078125;0.83447265625;0.2392578125;-22.28125;9.4921875;5.78125;0.0537109375;0.96826171875;0.36767578125
2017-02-16 17:05:38.500;-21.4677734375;-4.2578125;5.70703125;-0.225128173828;0.965423583984;0.231079101562;-22.28125;-4.8671875;5.1875;-0.257080078125;0.945556640625;0.173828125;-15.7734375;0.0078125;5.78125;-0.00146484375;0.96826171875;0.2392578125
2017-02-16 17:05:39.000;-18.2138671875;-1.8203125;5.41015625;-0.0973205566406;0.954071044922;0.198364257812;-22.28125;-4.8671875;5.1875;-0.257080078125;0.945556640625;0.173828125;-15.7734375;0.0078125;5.78125;-0.00146484375;0.96826171875;0.2392578125
2017-02-16 17:05:39.500;-15.7734375;0.0078125;5.1875;-0.00146484375;0.945556640625;0.173828125;-15.7734375;0.0078125;5.1875;-0.00146484375;0.945556640625;0.173828125;-15.7734375;0.0078125;5.1875;-0.00146484375;0.945556640625;0.173828125
2017-02-16 17:05:40.000;-2.25;-4.875;-1.15234375;-0.0623779296875;0.974365234372;0.230834960938;-15.7734375;-9.7578125;-7.4921875;-0.123291015625;0.945556640625;0.173828125;11.2734375;0.0078125;5.1875;-0.00146484375;1.00317382812;0.287841796875
2017-02-16 17:05:40.500;11.2734375;-9.7578125;-7.4921875;-0.123291015625;1.00317382812;0.287841796875;11.2734375;-9.7578125;-7.4921875;-0.123291015625;1.00317382812;0.287841796875;11.2734375;-9.7578125;-7.4921875;-0.123291015625;1.00317382812;0.287841796875
2017-02-16 17:05:41.000;6.25390625;-4.0078125;-2.67578125;-0.176513671875;0.983398437497;0.271606445312;1.234375;-9.7578125;-7.4921875;-0.229736328125;0.963623046875;0.25537109375;11.2734375;1.7421875;2.140625;-0.123291015625;1.00317382812;0.287841796875
2017-02-16 17:05:41.500;1.234375;1.7421875;2.140625;-0.229736328125;0.963623046875;0.25537109375;1.234375;1.7421875;2.140625;-0.229736328125;0.963623046875;0.25537109375;1.234375;1.7421875;2.140625;-0.229736328125;0.963623046875;0.25537109375
2017-02-16 17:05:42.000;3.40234375;-11.0078125;10.046875;-0.197875976562;0.936767578125;0.229125976562;1.234375;-23.7578125;2.140625;-0.229736328125;0.909912109375;0.202880859375;5.5703125;1.7421875;17.953125;-0.166015625;0.963623046875;0.25537109375
2017-02-16 17:05:42.500;5.5703125;-23.7578125;17.953125;-0.166015625;0.909912109375;0.202880859375;5.5703125;-23.7578125;17.953125;-0.166015625;0.909912109375;0.202880859375;5.5703125;-23.7578125;17.953125;-0.166015625;0.909912109375;0.202880859375
2017-02-16 17:05:43.000;-0.36328125;-10.66015625;7.27734375;-0.0521240234375;0.927490234375;0.185913085938;-6.296875;-23.7578125;-3.3984375;-0.166015625;0.909912109375;0.1689453125;5.5703125;2.4375;17.953125;0.061767578125;0.945068359375;0.202880859375
2017-02-16 17:05:43.500;-6.296875;2.4375;-3.3984375;0.061767578125;0.945068359375;0.1689453125;-6.296875;2.4375;-3.3984375;0.061767578125;0.945068359375;0.1689453125;-6.296875;2.4375;-3.3984375;0.061767578125;0.945068359375;0.1689453125
2017-02-16 17:05:44.000;-18.10546875;24.86328125;36.67578125;0.06884765625;0.987426757812;0.24658203125;-29.9140625;2.4375;-3.3984375;0.061767578125;0.945068359375;0.1689453125;-6.296875;47.2890625;76.75;0.075927734375;1.02978515625;0.32421875
2017-02-16 17:05:44.500;-29.9140625;47.2890625;76.75;0.075927734375;1.02978515625;0.32421875;-29.9140625;47.2890625;76.75;0.075927734375;1.02978515625;0.32421875;-29.9140625;47.2890625;76.75;0.075927734375;1.02978515625;0.32421875
2017-02-16 17:05:45.000;-15.77734375;25.328125;40.08203125;0.0745849609375;0.987426757812;0.305908203125;-29.9140625;3.3671875;3.4140625;0.0732421875;0.945068359375;0.28759765625;-1.640625;47.2890625;76.75;0.075927734375;1.02978515625;0.32421875
2017-02-16 17:05:45.500;-1.888671875;3.833984375;3.59765625;0.0676574707031;0.936676025391;0.303497314453;-3.625;3.3671875;3.4140625;0.028564453125;0.8779296875;0.28759765625;-1.640625;7.1015625;4.8828125;0.0732421875;0.945068359375;0.414794921875
2017-02-16 17:05:46.000;-2.880859375;5.701171875;4.33203125;0.0453186035156;0.903106689453;0.367095947266;-3.625;3.3671875;3.4140625;0.028564453125;0.8779296875;0.28759765625;-1.640625;7.1015625;4.8828125;0.0732421875;0.945068359375;0.414794921875
2017-02-16 17:05:46.500;-3.625;7.1015625;4.8828125;0.028564453125;0.8779296875;0.414794921875;-3.625;7.1015625;4.8828125;0.028564453125;0.8779296875;0.414794921875;-3.625;7.1015625;4.8828125;0.028564453125;0.8779296875;0.414794921875
2017-02-16 17:05:47.000;-4.00390625;9.875;7.89453125;0.0155029296875;0.867065429688;0.412109375;-4.3828125;7.1015625;4.8828125;0.00244140625;0.856201171875;0.409423828125;-3.625;12.6484375;10.90625;0.028564453125;0.8779296875;0.414794921875
2017-02-16 17:05:47.500;-4.3828125;12.6484375;10.90625;0.00244140625;0.856201171875;0.409423828125;-4.3828125;12.6484375;10.90625;0.00244140625;0.856201171875;0.409423828125;-4.3828125;12.6484375;10.90625;0.00244140625;0.856201171875;0.409423828125
2017-02-16 17:05:48.000;0.671875;9.4296875;7.90625;-0.02587890625;0.90087890625;0.450927734375;-4.3828125;6.2109375;4.90625;-0.05419921875;0.856201171875;0.409423828125;5.7265625;12.6484375;10.90625;0.00244140625;0.945556640625;0.492431640625
2017-02-16 17:05:48.500;5.7265625;6.2109375;4.90625;-0.05419921875;0.945556640625;0.492431640625;5.7265625;6.2109375;4.90625;-0.05419921875;0.945556640625;0.492431640625;5.7265625;6.2109375;4.90625;-0.05419921875;0.945556640625;0.492431640625
2017-02-16 17:05:49.000;4.09765625;-1.078125;2.40625;-0.068359375;0.923217773438;0.436767578125;2.46875;-8.3671875;-0.09375;-0.08251953125;0.90087890625;0.381103515625;5.7265625;6.2109375;4.90625;-0.05419921875;0.945556640625;0.492431640625
2017-02-16 17:05:49.500;2.46875;-8.3671875;-0.09375;-0.08251953125;0.90087890625;0.381103515625;2.46875;-8.3671875;-0.09375;-0.08251953125;0.90087890625;0.381103515625;2.46875;-8.3671875;-0.09375;-0.08251953125;0.90087890625;0.381103515625
2017-02-16 17:05:50.000;0.046875;-2.265625;6.40625;-0.06982421875;0.9052734375;0.399169921875;-2.375;-8.3671875;-0.09375;-0.08251953125;0.90087890625;0.381103515625;2.46875;3.8359375;12.90625;-0.05712890625;0.90966796875;0.417236328125
2017-02-16 17:05:50.500;-2.375;3.8359375;12.90625;-0.05712890625;0.90966796875;0.417236328125;-2.375;3.8359375;12.90625;-0.05712890625;0.90966796875;0.417236328125;-2.375;3.8359375;12.90625;-0.05712890625;0.90966796875;0.417236328125
2017-02-16 17:05:51.000;8.234375;-3.75390625;5.12890625;-0.0357666015625;0.920288085938;0.399291992188;-2.375;-11.34375;-2.6484375;-0.05712890625;0.90966796875;0.38134765625;18.84375;3.8359375;12.90625;-0.014404296875;0.930908203125;0.417236328125
2017-02-16 17:05:51.500;18.84375;-11.34375;-2.6484375;-0.014404296875;0.930908203125;0.38134765625;18.84375;-11.34375;-2.6484375;-0.014404296875;0.930908203125;0.38134765625;18.84375;-11.34375;-2.6484375;-0.014404296875;0.930908203125;0.38134765625
2017-02-16 17:05:52.000;2.90234375;-6.609375;3.66015625;-0.019287109375;0.942016601562;0.407592773438;-13.0390625;-11.34375;-2.6484375;-0.024169921875;0.930908203125;0.38134765625;18.84375;-1.875;9.96875;-0.014404296875;0.953125;0.433837890625
2017-02-16 17:05:52.500;-11.4775390625;1.0048828125;10.77734375;0.00714111328125;0.925018310547;0.455841064453;-13.0390625;-1.875;9.96875;-0.024169921875;0.728271484375;0.433837890625;-0.546875;21.1640625;16.4375;0.226318359375;0.953125;0.60986328125
2017-02-16 17:05:53.000;-5.2314453125;12.5244140625;14.01171875;0.132385253906;0.812591552734;0.543853759766;-13.0390625;-1.875;9.96875;-0.024169921875;0.728271484375;0.433837890625;-0.546875;21.1640625;16.4375;0.226318359375;0.953125;0.60986328125
2017-02-16 17:05:53.500;-0.546875;21.1640625;16.4375;0.226318359375;0.728271484375;0.60986328125;-0.546875;21.1640625;16.4375;0.226318359375;0.728271484375;0.60986328125;-0.546875;21.1640625;16.4375;0.226318359375;0.728271484375;0.60986328125
2017-02-16 17:05:54.000;-4.43359375;59.6484375;-2.41015625;-0.129150390625;0.85498046875;0.413208007812;-8.3203125;21.1640625;-21.2578125;-0.484619140625;0.728271484375;0.216552734375;-0.546875;98.1328125;16.4375;0.226318359375;0.981689453125;0.60986328125
2017-02-16 17:05:54.500;-8.3203125;98.1328125;-21.2578125;-0.484619140625;0.981689453125;0.216552734375;-8.3203125;98.1328125;-21.2578125;-0.484619140625;0.981689453125;0.216552734375;-8.3203125;98.1328125;-21.2578125;-0.484619140625;0.981689453125;0.216552734375
2017-02-16 17:05:55.000;-16.37890625;-16.80859375;-41.92578125;-0.510498046875;0.81640625;-0.180541992188;-24.4375;-131.75;-62.59375;-0.536376953125;0.651123046875;-0.57763671875;-8.3203125;98.1328125;-21.2578125;-0.484619140625;0.981689453125;0.216552734375
2017-02-16 17:05:55.500;-24.4375;-131.75;-62.59375;-0.536376953125;0.651123046875;-0.57763671875;-24.4375;-131.75;-62.59375;-0.536376953125;0.651123046875;-0.57763671875;-24.4375;-131.75;-62.59375;-0.536376953125;0.651123046875;-0.57763671875
2017-02-16 17:05:56.000;-0.9453125;-58.82421875;-22.55078125;-0.3681640625;0.59912109375;0.0953369140625;-24.4375;-131.75;-62.59375;-0.536376953125;0.547119140625;-0.57763671875;22.546875;14.1015625;17.4921875;-0.199951171875;0.651123046875;0.768310546875
2017-02-16 17:05:56.500;22.546875;14.1015625;17.4921875;-0.199951171875;0.547119140625;0.768310546875;22.546875;14.1015625;17.4921875;-0.199951171875;0.547119140625;0.768310546875;22.546875;14.1015625;17.4921875;-0.199951171875;0.547119140625;0.768310546875
2017-02-16 17:05:57.000;-4.8359375;-10.046875;26.99609375;-0.189453125;0.536010742188;0.806640625;-32.21875;-34.1953125;17.4921875;-0.199951171875;0.52490234375;0.768310546875;22.546875;14.1015625;36.5;-0.178955078125;0.547119140625;0.844970703125
2017-02-16 17:05:57.500;-32.21875;-34.1953125;36.5;-0.178955078125;0.52490234375;0.844970703125;-32.21875;-34.1953125;36.5;-0.178955078125;0.52490234375;0.844970703125;-32.21875;-34.1953125;36.5;-0.178955078125;0.52490234375;0.844970703125
2017-02-16 17:05:58.000;15.421875;-18.35546875;23.44921875;-0.2509765625;0.616577148438;0.625610351562;-32.21875;-34.1953125;10.3984375;-0.322998046875;0.52490234375;0.40625;63.0625;-2.515625;36.5;-0.178955078125;0.708251953125;0.844970703125
2017-02-16 17:05:58.500;63.0625;-2.515625;10.3984375;-0.322998046875;0.708251953125;0.40625;63.0625;-2.515625;10.3984375;-0.322998046875;0.708251953125;0.40625;63.0625;-2.515625;10.3984375;-0.322998046875;0.708251953125;0.40625
2017-02-16 17:05:58.500;63.0625;-2.515625;10.3984375;-0.322998046875;0.708251953125;0.40625;63.0625;-2.515625;10.3984375;-0.322998046875;0.708251953125;0.40625;63.0625;-2.515625;10.3984375;-0.322998046875;0.708251953125;0.40625
2017-02-16 17:05:59.000;36.20703125;7.65234375;11.41015625;-0.34619140625;0.746215820312;0.356811523438;9.3515625;-2.515625;10.3984375;-0.369384765625;0.708251953125;0.307373046875;63.0625;17.8203125;12.421875;-0.322998046875;0.7841796875;0.40625
2017-02-16 17:05:59.500;9.3515625;17.8203125;12.421875;-0.369384765625;0.7841796875;0.307373046875;9.3515625;17.8203125;12.421875;-0.369384765625;0.7841796875;0.307373046875;9.3515625;17.8203125;12.421875;-0.369384765625;0.7841796875;0.307373046875
2017-02-16 17:06:00.000;1.1953125;16.4921875;-1.19140625;-0.334594726562;0.830444335938;0.380859375;-6.9609375;15.1640625;-14.8046875;-0.369384765625;0.7841796875;0.307373046875;9.3515625;17.8203125;12.421875;-0.2998046875;0.876708984375;0.454345703125
2017-02-16 17:06:00.500;-6.9609375;15.1640625;-14.8046875;-0.2998046875;0.876708984375;0.454345703125;-6.9609375;15.1640625;-14.8046875;-0.2998046875;0.876708984375;0.454345703125;-6.9609375;15.1640625;-14.8046875;-0.2998046875;0.876708984375;0.454345703125
2017-02-16 17:06:01.000;-17.01953125;17.33984375;-6.75390625;-0.283569335938;0.839233398438;0.476196289062;-27.078125;15.1640625;-14.8046875;-0.2998046875;0.8017578125;0.454345703125;-6.9609375;19.515625;1.296875;-0.267333984375;0.876708984375;0.498046875
2017-02-16 17:06:01.500;-27.078125;19.515625;1.296875;-0.267333984375;0.8017578125;0.498046875;-27.078125;19.515625;1.296875;-0.267333984375;0.8017578125;0.498046875;-27.078125;19.515625;1.296875;-0.267333984375;0.8017578125;0.498046875
2017-02-16 17:06:02.000;-13.19921875;4.53125;6.2109375;-0.221313476562;0.8291015625;0.484619140625;-27.078125;-10.453125;1.296875;-0.267333984375;0.8017578125;0.47119140625;0.6796875;19.515625;11.125;-0.17529296875;0.8564453125;0.498046875
2017-02-16 17:06:02.500;0.6796875;-10.453125;11.125;-0.17529296875;0.8564453125;0.47119140625;0.6796875;-10.453125;11.125;-0.17529296875;0.8564453125;0.47119140625;0.6796875;-10.453125;11.125;-0.17529296875;0.8564453125;0.47119140625
2017-02-16 17:06:03.000;26.93359375;19.83984375;25.49609375;-0.16748046875;0.907470703125;0.35791015625;0.6796875;-10.453125;11.125;-0.17529296875;0.8564453125;0.24462890625;53.1875;50.1328125;39.8671875;-0.15966796875;0.95849609375;0.47119140625
2017-02-16 17:06:03.500;53.1875;50.1328125;39.8671875;-0.15966796875;0.95849609375;0.24462890625;53.1875;50.1328125;39.8671875;-0.15966796875;0.95849609375;0.24462890625;53.1875;50.1328125;39.8671875;-0.15966796875;0.95849609375;0.24462890625
2017-02-16 17:06:04.000;25.08203125;23.78125;24.42578125;-0.203979492188;0.924072265625;0.301391601562;-3.0234375;-2.5703125;8.984375;-0.248291015625;0.8896484375;0.24462890625;53.1875;50.1328125;39.8671875;-0.15966796875;0.95849609375;0.358154296875
2017-02-16 17:06:04.500;-3.0234375;-2.5703125;8.984375;-0.248291015625;0.8896484375;0.358154296875;-3.0234375;-2.5703125;8.984375;-0.248291015625;0.8896484375;0.358154296875;-3.0234375;-2.5703125;8.984375;-0.248291015625;0.8896484375;0.358154296875
2017-02-16 17:06:05.000;-11.15234375;4.96875;-1.6484375;-0.16845703125;0.826538085938;0.401123046875;-19.28125;-2.5703125;-12.28125;-0.248291015625;0.763427734375;0.358154296875;-3.0234375;12.5078125;8.984375;-0.088623046875;0.8896484375;0.444091796875
2017-02-16 17:06:05.500;-19.28125;12.5078125;-12.28125;-0.088623046875;0.763427734375;0.444091796875;-19.28125;12.5078125;-12.28125;-0.088623046875;0.763427734375;0.444091796875;-19.28125;12.5078125;-12.28125;-0.088623046875;0.763427734375;0.444091796875
2017-02-16 17:06:06.000;-17.1171875;12.50390625;-8.546875;-0.0966796875;0.86474609375;0.374633789062;-19.28125;12.5;-12.28125;-0.104736328125;0.763427734375;0.30517578125;-14.953125;12.5078125;-4.8125;-0.088623046875;0.966064453125;0.444091796875
2017-02-16 17:06:06.500;-14.953125;12.5;-4.8125;-0.104736328125;0.966064453125;0.30517578125;-14.953125;12.5;-4.8125;-0.104736328125;0.966064453125;0.30517578125;-14.953125;12.5;-4.8125;-0.104736328125;0.966064453125;0.30517578125
2017-02-16 17:06:07.000;10.359375;1.5546875;2.09375;0.097412109375;0.941284179688;0.323486328125;-14.953125;-9.390625;-4.8125;-0.104736328125;0.91650390625;0.30517578125;35.671875;12.5;9.0;0.299560546875;0.966064453125;0.341796875
2017-02-16 17:06:07.500;35.671875;-9.390625;9.0;0.299560546875;0.91650390625;0.341796875;35.671875;-9.390625;9.0;0.299560546875;0.91650390625;0.341796875;35.671875;-9.390625;9.0;0.299560546875;0.91650390625;0.341796875
2017-02-16 17:06:08.000;26.41015625;-4.30859375;11.96484375;0.071044921875;0.91064453125;0.311401367188;17.1484375;-9.390625;9.0;-0.157470703125;0.90478515625;0.281005859375;35.671875;0.7734375;14.9296875;0.299560546875;0.91650390625;0.341796875
2017-02-16 17:06:08.500;17.1484375;0.7734375;14.9296875;-0.157470703125;0.90478515625;0.281005859375;17.1484375;0.7734375;14.9296875;-0.157470703125;0.90478515625;0.281005859375;17.1484375;0.7734375;14.9296875;-0.157470703125;0.90478515625;0.281005859375
2017-02-16 17:06:09.000;13.62109375;27.32421875;62.6953125;-0.119384765625;0.900024414062;0.409423828125;10.09375;0.7734375;14.9296875;-0.157470703125;0.895263671875;0.281005859375;17.1484375;53.875;110.4609375;-0.081298828125;0.90478515625;0.537841796875
2017-02-16 17:06:09.500;10.09375;53.875;110.4609375;-0.081298828125;0.895263671875;0.537841796875;10.09375;53.875;110.4609375;-0.081298828125;0.895263671875;0.537841796875;10.09375;53.875;110.4609375;-0.081298828125;0.895263671875;0.537841796875
2017-02-16 17:06:10.000;7.6875;35.0;49.921875;-0.109008789062;0.9287109375;0.302734375;5.28125;16.125;-10.6171875;-0.13671875;0.895263671875;0.067626953125;10.09375;53.875;110.4609375;-0.081298828125;0.962158203125;0.537841796875
2017-02-16 17:06:10.500;5.28125;16.125;-10.6171875;-0.13671875;0.962158203125;0.067626953125;5.28125;16.125;-10.6171875;-0.13671875;0.962158203125;0.067626953125;5.28125;16.125;-10.6171875;-0.13671875;0.962158203125;0.067626953125
2017-02-16 17:06:11.000;-2.859375;16.6640625;-3.01953125;-0.191284179688;0.987182617188;0.214721679688;-11.0;16.125;-10.6171875;-0.245849609375;0.962158203125;0.067626953125;5.28125;17.203125;4.578125;-0.13671875;1.01220703125;0.36181640625
2017-02-16 17:06:11.500;-11.0;17.203125;4.578125;-0.245849609375;1.01220703125;0.36181640625;-11.0;17.203125;4.578125;-0.245849609375;1.01220703125;0.36181640625;-11.0;17.203125;4.578125;-0.245849609375;1.01220703125;0.36181640625
2017-02-16 17:06:12.000;-6.25;12.890625;12.1875;-0.162109375;0.923095703125;0.224609375;-11.0;8.578125;4.578125;-0.245849609375;0.833984375;0.08740234375;-1.5;17.203125;19.796875;-0.078369140625;1.01220703125;0.36181640625
2017-02-16 17:06:12.500;-1.5;8.578125;19.796875;-0.078369140625;0.833984375;0.08740234375;-1.5;8.578125;19.796875;-0.078369140625;0.833984375;0.08740234375;-1.5;8.578125;19.796875;-0.078369140625;0.833984375;0.08740234375
2017-02-16 17:06:13.000;-11.265625;2.12890625;5.2578125;-0.135986328125;0.89208984375;-0.0029296875;-21.03125;-4.3203125;-9.28125;-0.193603515625;0.833984375;-0.09326171875;-1.5;8.578125;19.796875;-0.078369140625;0.9501953125;0.08740234375
2017-02-16 17:06:13.500;-21.03125;-4.3203125;-9.28125;-0.193603515625;0.9501953125;-0.09326171875;-21.03125;-4.3203125;-9.28125;-0.193603515625;0.9501953125;-0.09326171875;-21.03125;-4.3203125;-9.28125;-0.193603515625;0.9501953125;-0.09326171875
2017-02-16 17:06:14.000;-9.87890625;-1.37109375;2.72265625;-0.338500976562;0.775512695312;0.242309570312;-21.03125;-4.3203125;-9.28125;-0.4833984375;0.600830078125;-0.09326171875;1.2734375;1.578125;14.7265625;-0.193603515625;0.9501953125;0.577880859375
2017-02-16 17:06:14.500;1.2734375;1.578125;14.7265625;-0.4833984375;0.600830078125;0.577880859375;1.2734375;1.578125;14.7265625;-0.4833984375;0.600830078125;0.577880859375;1.2734375;1.578125;14.7265625;-0.4833984375;0.600830078125;0.577880859375
2017-02-16 17:06:15.000;37.84765625;-11.765625;30.09375;-0.483276367188;0.686889648438;0.49072265625;1.2734375;-25.109375;14.7265625;-0.4833984375;0.600830078125;0.403564453125;74.421875;1.578125;45.4609375;-0.483154296875;0.77294921875;0.577880859375
2017-02-16 17:06:15.500;74.421875;-25.109375;45.4609375;-0.483154296875;0.77294921875;0.403564453125;74.421875;-25.109375;45.4609375;-0.483154296875;0.77294921875;0.403564453125;74.421875;-25.109375;45.4609375;-0.483154296875;0.77294921875;0.403564453125
2017-02-16 17:06:16.000;29.46484375;2.14453125;28.40625;-0.445434570312;0.815185546875;0.415649414062;-15.4921875;-25.109375;11.3515625;-0.483154296875;0.77294921875;0.403564453125;74.421875;29.3984375;45.4609375;-0.40771484375;0.857421875;0.427734375
2017-02-16 17:06:16.500;-15.4921875;29.3984375;11.3515625;-0.40771484375;0.857421875;0.427734375;-15.4921875;29.3984375;11.3515625;-0.40771484375;0.857421875;0.427734375;-15.4921875;29.3984375;11.3515625;-0.40771484375;0.857421875;0.427734375
2017-02-16 17:06:17.000;-11.7421875;11.00390625;1.3046875;-0.312866210938;0.874755859375;0.30810546875;-15.4921875;-7.390625;-8.7421875;-0.40771484375;0.857421875;0.1884765625;-7.9921875;29.3984375;11.3515625;-0.218017578125;0.89208984375;0.427734375
2017-02-16 17:06:17.500;-6.2919921875;-7.89453125;-8.4140625;-0.233215332031;0.903411865234;0.208587646484;-7.9921875;-11.421875;-8.7421875;-0.339599609375;0.89208984375;0.1884765625;5.609375;-7.390625;-6.1171875;-0.218017578125;0.982666015625;0.349365234375
2017-02-16 17:06:18.000;0.5087890625;-9.91015625;-7.1015625;-0.294006347656;0.948699951172;0.289031982422;-7.9921875;-11.421875;-8.7421875;-0.339599609375;0.89208984375;0.1884765625;5.609375;-7.390625;-6.1171875;-0.218017578125;0.982666015625;0.349365234375
2017-02-16 17:06:18.500;5.609375;-11.421875;-6.1171875;-0.339599609375;0.982666015625;0.349365234375;5.609375;-11.421875;-6.1171875;-0.339599609375;0.982666015625;0.349365234375;5.609375;-11.421875;-6.1171875;-0.339599609375;0.982666015625;0.349365234375
2017-02-16 17:06:19.000;5.5;-10.9765625;-14.828125;-0.381225585938;0.932495117188;0.302734375;5.390625;-11.421875;-23.5390625;-0.4228515625;0.88232421875;0.256103515625;5.609375;-10.53125;-6.1171875;-0.339599609375;0.982666015625;0.349365234375
2017-02-16 17:06:19.500;5.390625;-10.53125;-23.5390625;-0.4228515625;0.88232421875;0.256103515625;5.390625;-10.53125;-23.5390625;-0.4228515625;0.88232421875;0.256103515625;5.390625;-10.53125;-23.5390625;-0.4228515625;0.88232421875;0.256103515625
2017-02-16 17:06:20.000;-1.53515625;-6.703125;-13.9921875;-0.387451171875;0.905517578125;0.277465820312;-8.4609375;-10.53125;-23.5390625;-0.4228515625;0.88232421875;0.256103515625;5.390625;-2.875;-4.4453125;-0.35205078125;0.9287109375;0.298828125
2017-02-16 17:06:20.500;-7.9921875;-2.4765625;-1.2265625;-0.364562988281;0.930969238281;0.289855957031;-8.4609375;-2.875;-4.4453125;-0.4521484375;0.9287109375;0.22705078125;-4.7109375;0.3125;21.3046875;-0.35205078125;0.94677734375;0.298828125
2017-02-16 17:06:21.000;-6.1171875;-0.8828125;11.6484375;-0.414611816406;0.940002441406;0.253967285156;-8.4609375;-2.875;-4.4453125;-0.4521484375;0.9287109375;0.22705078125;-4.7109375;0.3125;21.3046875;-0.35205078125;0.94677734375;0.298828125
2017-02-16 17:06:21.500;-4.7109375;0.3125;21.3046875;-0.4521484375;0.94677734375;0.22705078125;-4.7109375;0.3125;21.3046875;-0.4521484375;0.94677734375;0.22705078125;-4.7109375;0.3125;21.3046875;-0.4521484375;0.94677734375;0.22705078125
2017-02-16 17:06:22.000;-16.1171875;7.84375;12.90625;-0.477905273438;0.878173828125;0.262329101562;-27.5234375;0.3125;4.5078125;-0.503662109375;0.8095703125;0.22705078125;-4.7109375;15.375;21.3046875;-0.4521484375;0.94677734375;0.297607421875
2017-02-16 17:06:22.500;-27.5234375;15.375;4.5078125;-0.503662109375;0.8095703125;0.297607421875;-27.5234375;15.375;4.5078125;-0.503662109375;0.8095703125;0.297607421875;-27.5234375;15.375;4.5078125;-0.503662109375;0.8095703125;0.297607421875
2017-02-16 17:06:23.000;-8.7265625;-0.53515625;15.69921875;-0.527221679688;0.831909179688;0.2626953125;-27.5234375;-16.4453125;4.5078125;-0.55078125;0.8095703125;0.227783203125;10.0703125;15.375;26.890625;-0.503662109375;0.854248046875;0.297607421875
2017-02-16 17:06:23.500;10.0703125;-16.4453125;26.890625;-0.55078125;0.854248046875;0.227783203125;10.0703125;-16.4453125;26.890625;-0.55078125;0.854248046875;0.227783203125;10.0703125;-16.4453125;26.890625;-0.55078125;0.854248046875;0.227783203125
2017-02-16 17:06:24.000;10.578125;-19.59375;15.99609375;-0.494995117188;0.823120117188;0.19873046875;10.0703125;-22.7421875;5.1015625;-0.55078125;0.7919921875;0.169677734375;11.0859375;-16.4453125;26.890625;-0.439208984375;0.854248046875;0.227783203125
2017-02-16 17:06:24.500;9.228515625;-19.9716796875;4.1611328125;-0.43212890625;0.799041748047;0.185638427734;-3.7734375;-22.7421875;-2.421875;-0.439208984375;0.7919921875;0.169677734375;11.0859375;-0.578125;5.1015625;-0.382568359375;0.848388671875;0.29736328125
2017-02-16 17:06:25.000;1.798828125;-8.8896484375;0.3994140625;-0.40380859375;0.827239990234;0.249481201172;-3.7734375;-22.7421875;-2.421875;-0.439208984375;0.7919921875;0.169677734375;11.0859375;-0.578125;5.1015625;-0.382568359375;0.848388671875;0.29736328125
2017-02-16 17:06:25.500;-3.7734375;-0.578125;-2.421875;-0.382568359375;0.848388671875;0.29736328125;-3.7734375;-0.578125;-2.421875;-0.382568359375;0.848388671875;0.29736328125;-3.7734375;-0.578125;-2.421875;-0.382568359375;0.848388671875;0.29736328125
2017-02-16 17:06:26.000;-1.0390625;3.109375;-2.52734375;-0.368041992188;0.8291015625;0.24609375;-3.7734375;-0.578125;-2.6328125;-0.382568359375;0.809814453125;0.19482421875;1.6953125;6.796875;-2.421875;-0.353515625;0.848388671875;0.29736328125
2017-02-16 17:06:26.500;1.6953125;6.796875;-2.6328125;-0.353515625;0.809814453125;0.19482421875;1.6953125;6.796875;-2.6328125;-0.353515625;0.809814453125;0.19482421875;1.6953125;6.796875;-2.6328125;-0.353515625;0.809814453125;0.19482421875
2017-02-16 17:06:27.000;5.4375;-0.8671875;2.15234375;-0.393188476562;0.856323242188;0.199829101562;1.6953125;-8.53125;-2.6328125;-0.432861328125;0.809814453125;0.19482421875;9.1796875;6.796875;6.9375;-0.353515625;0.90283203125;0.204833984375
2017-02-16 17:06:27.500;9.1796875;-8.53125;6.9375;-0.432861328125;0.90283203125;0.204833984375;9.1796875;-8.53125;6.9375;-0.432861328125;0.90283203125;0.204833984375;9.1796875;-8.53125;6.9375;-0.432861328125;0.90283203125;0.204833984375
2017-02-16 17:06:28.000;4.56640625;-3.25390625;5.05859375;-0.437377929688;0.870971679688;0.236083984375;-0.046875;-8.53125;3.1796875;-0.44189453125;0.839111328125;0.204833984375;9.1796875;2.0234375;6.9375;-0.432861328125;0.90283203125;0.267333984375
2017-02-16 17:06:28.500;-0.046875;2.0234375;3.1796875;-0.44189453125;0.839111328125;0.267333984375;-0.046875;2.0234375;3.1796875;-0.44189453125;0.839111328125;0.267333984375;-0.046875;2.0234375;3.1796875;-0.44189453125;0.839111328125;0.267333984375
2017-02-16 17:06:28.500;-0.046875;2.0234375;3.1796875;-0.44189453125;0.839111328125;0.267333984375;-0.046875;2.0234375;3.1796875;-0.44189453125;0.839111328125;0.267333984375;-0.046875;2.0234375;3.1796875;-0.44189453125;0.839111328125;0.267333984375
2017-02-16 17:06:29.000;-2.453125;-17.63671875;13.86328125;-0.375244140625;0.846313476562;0.30419921875;-4.859375;-37.296875;3.1796875;-0.44189453125;0.839111328125;0.267333984375;-0.046875;2.0234375;24.546875;-0.30859375;0.853515625;0.341064453125
2017-02-16 17:06:29.500;-4.859375;-37.296875;24.546875;-0.30859375;0.853515625;0.341064453125;-4.859375;-37.296875;24.546875;-0.30859375;0.853515625;0.341064453125;-4.859375;-37.296875;24.546875;-0.30859375;0.853515625;0.341064453125
2017-02-16 17:06:30.000;-3.7265625;-17.98046875;12.20703125;-0.32421875;0.874145507812;0.312744140625;-4.859375;-37.296875;-0.1328125;-0.33984375;0.853515625;0.284423828125;-2.59375;1.3359375;24.546875;-0.30859375;0.894775390625;0.341064453125
2017-02-16 17:06:30.500;-2.59375;1.3359375;-0.1328125;-0.33984375;0.894775390625;0.284423828125;-2.59375;1.3359375;-0.1328125;-0.33984375;0.894775390625;0.284423828125;-2.59375;1.3359375;-0.1328125;-0.33984375;0.894775390625;0.284423828125
2017-02-16 17:06:31.000;-15.80859375;12.984375;7.25;-0.338745117188;0.856323242188;0.249755859375;-29.0234375;1.3359375;-0.1328125;-0.33984375;0.81787109375;0.215087890625;-2.59375;24.6328125;14.6328125;-0.337646484375;0.894775390625;0.284423828125
2017-02-16 17:06:31.500;-26.8369140625;21.5283203125;14.5947265625;-0.341705322266;0.806945800781;0.230834960938;-29.0234375;-0.203125;14.328125;-0.3701171875;0.73046875;0.215087890625;-11.53125;24.6328125;14.6328125;-0.337646484375;0.81787109375;0.341064453125
2017-02-16 17:06:32.000;-18.0908203125;9.1103515625;14.4423828125;-0.357940673828;0.763244628906;0.293823242188;-29.0234375;-0.203125;14.328125;-0.3701171875;0.73046875;0.215087890625;-11.53125;24.6328125;14.6328125;-0.337646484375;0.81787109375;0.341064453125
2017-02-16 17:06:32.500;-11.53125;-0.203125;14.328125;-0.3701171875;0.73046875;0.341064453125;-11.53125;-0.203125;14.328125;-0.3701171875;0.73046875;0.341064453125;-11.53125;-0.203125;14.328125;-0.3701171875;0.73046875;0.341064453125
2017-02-16 17:06:33.000;-8.51171875;-3.61328125;7.625;-0.290405273438;0.815307617188;0.40576171875;-11.53125;-7.0234375;0.921875;-0.3701171875;0.73046875;0.341064453125;-5.4921875;-0.203125;14.328125;-0.210693359375;0.900146484375;0.470458984375
2017-02-16 17:06:33.500;-5.4921875;-7.0234375;0.921875;-0.210693359375;0.900146484375;0.470458984375;-5.4921875;-7.0234375;0.921875;-0.210693359375;0.900146484375;0.470458984375;-5.4921875;-7.0234375;0.921875;-0.210693359375;0.900146484375;0.470458984375
2017-02-16 17:06:34.000;-2.7421875;-3.40234375;-3.31640625;-0.272338867188;0.879516601562;0.480834960938;-5.4921875;-7.0234375;-7.5546875;-0.333984375;0.85888671875;0.470458984375;0.0078125;0.21875;0.921875;-0.210693359375;0.900146484375;0.4912109375
2017-02-16 17:06:34.500;0.0078125;0.21875;-7.5546875;-0.333984375;0.85888671875;0.4912109375;0.0078125;0.21875;-7.5546875;-0.333984375;0.85888671875;0.4912109375;0.0078125;0.21875;-7.5546875;-0.333984375;0.85888671875;0.4912109375
2017-02-16 17:06:35.000;-1.41796875;-1.15234375;-2.6953125;-0.337524414062;0.865112304688;0.397338867188;-2.84375;-2.5234375;-7.5546875;-0.341064453125;0.85888671875;0.303466796875;0.0078125;0.21875;2.1640625;-0.333984375;0.871337890625;0.4912109375
2017-02-16 17:06:35.500;-2.84375;-2.5234375;2.1640625;-0.341064453125;0.871337890625;0.303466796875;-2.84375;-2.5234375;2.1640625;-0.341064453125;0.871337890625;0.303466796875;-2.84375;-2.5234375;2.1640625;-0.341064453125;0.871337890625;0.303466796875
2017-02-16 17:06:36.000;-0.328125;-6.10546875;3.4765625;-0.181884765625;0.921997070312;0.35986328125;-2.84375;-9.6875;2.1640625;-0.341064453125;0.871337890625;0.303466796875;2.1875;-2.5234375;4.7890625;-0.022705078125;0.97265625;0.416259765625
2017-02-16 17:06:36.500;2.1875;-9.6875;4.7890625;-0.022705078125;0.97265625;0.416259765625;2.1875;-9.6875;4.7890625;-0.022705078125;0.97265625;0.416259765625;2.1875;-9.6875;4.7890625;-0.022705078125;0.97265625;0.416259765625
2017-02-16 17:06:37.000;1.48828125;-8.69921875;4.328125;-0.0894775390625;0.99938964844;0.346069335938;0.7890625;-9.6875;3.8671875;-0.15625;0.97265625;0.27587890625;2.1875;-7.7109375;4.7890625;-0.022705078125;1.02612304688;0.416259765625
2017-02-16 17:06:37.500;0.7890625;-7.7109375;3.8671875;-0.15625;1.02612304688;0.27587890625;0.7890625;-7.7109375;3.8671875;-0.15625;1.02612304688;0.27587890625;0.7890625;-7.7109375;3.8671875;-0.15625;1.02612304688;0.27587890625
2017-02-16 17:06:38.000;5.07421875;-2.32421875;3.546875;-0.16259765625;1.01794433594;0.276611328125;0.7890625;-7.7109375;3.2265625;-0.1689453125;1.009765625;0.27587890625;9.359375;3.0625;3.8671875;-0.15625;1.02612304688;0.27734375
2017-02-16 17:06:38.500;9.359375;3.0625;3.2265625;-0.1689453125;1.009765625;0.27734375;9.359375;3.0625;3.2265625;-0.1689453125;1.009765625;0.27734375;9.359375;3.0625;3.2265625;-0.1689453125;1.009765625;0.27734375
2017-02-16 17:06:39.000;6.7734375;-4.875;11.16015625;-0.0645751953125;0.980224609375;0.25537109375;4.1875;-12.8125;3.2265625;-0.1689453125;0.95068359375;0.2333984375;9.359375;3.0625;19.09375;0.039794921875;1.009765625;0.27734375
2017-02-16 17:06:39.500;4.1875;-12.8125;19.09375;0.039794921875;0.95068359375;0.2333984375;4.1875;-12.8125;19.09375;0.039794921875;0.95068359375;0.2333984375;4.1875;-12.8125;19.09375;0.039794921875;0.95068359375;0.2333984375
2017-02-16 17:06:40.000;13.03125;27.10546875;-36.578125;0.0731201171875;0.841552734375;0.187744140625;4.1875;-12.8125;-92.25;0.039794921875;0.732421875;0.14208984375;21.875;67.0234375;19.09375;0.1064453125;0.95068359375;0.2333984375
2017-02-16 17:06:40.500;21.875;67.0234375;-92.25;0.1064453125;0.732421875;0.14208984375;21.875;67.0234375;-92.25;0.1064453125;0.732421875;0.14208984375;21.875;67.0234375;-92.25;0.1064453125;0.732421875;0.14208984375
2017-02-16 17:06:41.000;10.98046875;27.39453125;-25.10546875;-0.0333251953125;0.855590820312;0.277709960938;0.0859375;-12.234375;-92.25;-0.173095703125;0.732421875;0.14208984375;21.875;67.0234375;42.0390625;0.1064453125;0.978759765625;0.413330078125
2017-02-16 17:06:41.500;-0.4404296875;-10.1220703125;37.484375;-0.146728515625;0.979309082031;0.3828125;-4.125;-12.234375;5.6015625;-0.173095703125;0.978759765625;0.169189453125;0.0859375;4.6640625;42.0390625;0.037841796875;0.983154296875;0.413330078125
2017-02-16 17:06:42.000;-2.5458984375;-1.6728515625;19.265625;-0.041259765625;0.981506347656;0.2607421875;-4.125;-12.234375;5.6015625;-0.173095703125;0.978759765625;0.169189453125;0.0859375;4.6640625;42.0390625;0.037841796875;0.983154296875;0.413330078125
2017-02-16 17:06:42.500;-4.125;4.6640625;5.6015625;0.037841796875;0.983154296875;0.169189453125;-4.125;4.6640625;5.6015625;0.037841796875;0.983154296875;0.169189453125;-4.125;4.6640625;5.6015625;0.037841796875;0.983154296875;0.169189453125
2017-02-16 17:06:43.000;-2.734375;9.8125;3.06640625;0.02490234375;0.959106445312;0.157836914062;-4.125;4.6640625;0.53125;0.011962890625;0.93505859375;0.146484375;-1.34375;14.9609375;5.6015625;0.037841796875;0.983154296875;0.169189453125
2017-02-16 17:06:43.500;-1.34375;14.9609375;0.53125;0.011962890625;0.93505859375;0.146484375;-1.34375;14.9609375;0.53125;0.011962890625;0.93505859375;0.146484375;-1.34375;14.9609375;0.53125;0.011962890625;0.93505859375;0.146484375
2017-02-16 17:06:44.000;-0.0859375;5.04296875;2.8359375;-0.014404296875;0.965576171875;0.197998046875;-1.34375;-4.875;0.53125;-0.040771484375;0.93505859375;0.146484375;1.171875;14.9609375;5.140625;0.011962890625;0.99609375;0.24951171875
2017-02-16 17:06:44.500;1.171875;-4.875;5.140625;-0.040771484375;0.99609375;0.24951171875;1.171875;-4.875;5.140625;-0.040771484375;0.99609375;0.24951171875;1.171875;-4.875;5.140625;-0.040771484375;0.99609375;0.24951171875
2017-02-16 17:06:45.000;-6.94921875;-5.82421875;0.06640625;0.003662109375;0.96533203125;0.265747070312;-15.0703125;-6.7734375;-5.0078125;-0.040771484375;0.9345703125;0.24951171875;1.171875;-4.875;5.140625;0.048095703125;0.99609375;0.281982421875
2017-02-16 17:06:45.500;-16.0234375;2.6611328125;-5.7587890625;0.0159912109375;0.955047607423;0.267730712891;-22.6953125;-6.7734375;-11.015625;-0.208740234375;0.9345703125;0.16796875;-15.0703125;68.703125;-5.0078125;0.048095703125;1.09838867188;0.281982421875
2017-02-16 17:06:46.000;-19.8359375;40.3994140625;-8.7626953125;-0.112426757812;1.03695678711;0.210723876953;-22.6953125;-6.7734375;-11.015625;-0.208740234375;0.9345703125;0.16796875;-15.0703125;68.703125;-5.0078125;0.048095703125;1.09838867188;0.281982421875
2017-02-16 17:06:46.500;-22.6953125;68.703125;-11.015625;-0.208740234375;1.09838867188;0.16796875;-22.6953125;68.703125;-11.015625;-0.208740234375;1.09838867188;0.16796875;-22.6953125;68.703125;-11.015625;-0.208740234375;1.09838867188;0.16796875
2017-02-16 17:06:47.000;-26.63671875;22.0859375;-5.84765625;-0.0865478515625;1.02661132813;0.0748291015625;-30.578125;-24.53125;-11.015625;-0.208740234375;0.954833984375;-0.018310546875;-22.6953125;68.703125;-0.6796875;0.03564453125;1.09838867188;0.16796875
2017-02-16 17:06:47.500;-30.578125;-24.53125;-0.6796875;0.03564453125;0.954833984375;-0.018310546875;-30.578125;-24.53125;-0.6796875;0.03564453125;0.954833984375;-0.018310546875;-30.578125;-24.53125;-0.6796875;0.03564453125;0.954833984375;-0.018310546875
2017-02-16 17:06:48.000;-12.72265625;-15.0078125;2.0859375;0.015625;0.984497070312;-0.015625;-30.578125;-24.53125;-0.6796875;-0.00439453125;0.954833984375;-0.018310546875;5.1328125;-5.484375;4.8515625;0.03564453125;1.01416015625;-0.012939453125
2017-02-16 17:06:48.500;5.1328125;-5.484375;4.8515625;-0.00439453125;1.01416015625;-0.012939453125;5.1328125;-5.484375;4.8515625;-0.00439453125;1.01416015625;-0.012939453125;5.1328125;-5.484375;4.8515625;-0.00439453125;1.01416015625;-0.012939453125
2017-02-16 17:06:49.000;2.796875;3.77734375;10.33984375;0.0509033203125;1.02258300782;0.0867919921875;0.4609375;-5.484375;4.8515625;-0.00439453125;1.01416015625;-0.012939453125;5.1328125;13.0390625;15.828125;0.106201171875;1.03100585938;0.1865234375
2017-02-16 17:06:49.500;0.4609375;13.0390625;15.828125;0.106201171875;1.03100585938;0.1865234375;0.4609375;13.0390625;15.828125;0.106201171875;1.03100585938;0.1865234375;0.4609375;13.0390625;15.828125;0.106201171875;1.03100585938;0.1865234375
2017-02-16 17:06:50.000;-1.3046875;6.63671875;10.77734375;0.096435546875;1.02258300782;0.138549804688;-3.0703125;0.234375;5.7265625;0.086669921875;1.01416015625;0.090576171875;0.4609375;13.0390625;15.828125;0.106201171875;1.03100585938;0.1865234375
2017-02-16 17:06:50.500;-3.0703125;0.234375;5.7265625;0.086669921875;1.01416015625;0.090576171875;-3.0703125;0.234375;5.7265625;0.086669921875;1.01416015625;0.090576171875;-3.0703125;0.234375;5.7265625;0.086669921875;1.01416015625;0.090576171875
2017-02-16 17:06:51.000;-1.65625;-14.171875;34.34765625;0.282592773438;0.821899414062;-0.0003662109375;-3.0703125;-28.578125;5.7265625;0.086669921875;0.629638671875;-0.09130859375;-0.2421875;0.234375;62.96875;0.478515625;1.01416015625;0.090576171875
2017-02-16 17:06:51.500;-0.2421875;-28.578125;62.96875;0.478515625;0.629638671875;-0.09130859375;-0.2421875;-28.578125;62.96875;0.478515625;0.629638671875;-0.09130859375;-0.2421875;-28.578125;62.96875;0.478515625;0.629638671875;-0.09130859375
2017-02-16 17:06:52.000;-3.904296875;-23.2548828125;50.658203125;0.5166015625;0.704528808594;-0.0273132324219;-10.0078125;-28.578125;30.140625;0.478515625;0.629638671875;-0.09130859375;-0.2421875;-14.3828125;62.96875;0.580078125;0.829345703125;0.079345703125
2017-02-16 17:06:52.500;-8.787109375;-16.1572265625;34.244140625;0.5673828125;0.804382324219;0.0580139160156;-10.0078125;-28.578125;30.140625;0.478515625;0.629638671875;-0.09130859375;-0.2421875;-14.3828125;62.96875;0.580078125;0.829345703125;0.079345703125
2017-02-16 17:06:53.000;-6.63671875;-3.09375;15.87890625;0.552978515625;0.860473632812;0.115356445312;-10.0078125;-14.3828125;1.6171875;0.52587890625;0.829345703125;0.079345703125;-3.265625;8.1953125;30.140625;0.580078125;0.8916015625;0.1513671875
2017-02-16 17:06:53.500;-3.265625;8.1953125;1.6171875;0.52587890625;0.8916015625;0.1513671875;-3.265625;8.1953125;1.6171875;0.52587890625;0.8916015625;0.1513671875;-3.265625;8.1953125;1.6171875;0.52587890625;0.8916015625;0.1513671875
2017-02-16 17:06:54.000;1.48046875;9.109375;7.3125;0.423583984375;0.873779296875;0.113159179688;-3.265625;8.1953125;1.6171875;0.3212890625;0.85595703125;0.074951171875;6.2265625;10.0234375;13.0078125;0.52587890625;0.8916015625;0.1513671875
2017-02-16 17:06:54.500;6.2265625;10.0234375;13.0078125;0.3212890625;0.85595703125;0.074951171875;6.2265625;10.0234375;13.0078125;0.3212890625;0.85595703125;0.074951171875;6.2265625;10.0234375;13.0078125;0.3212890625;0.85595703125;0.074951171875
2017-02-16 17:06:55.000;7.11328125;12.05078125;16.09375;0.289672851562;0.892822265625;0.118286132812;6.2265625;10.0234375;13.0078125;0.258056640625;0.85595703125;0.074951171875;8.0;14.078125;19.1796875;0.3212890625;0.9296875;0.16162109375
2017-02-16 17:06:55.500;8.0;14.078125;19.1796875;0.258056640625;0.9296875;0.16162109375;8.0;14.078125;19.1796875;0.258056640625;0.9296875;0.16162109375;8.0;14.078125;19.1796875;0.258056640625;0.9296875;0.16162109375
2017-02-16 17:06:56.000;31.1875;-23.046875;0.34375;0.260864257812;0.947998046875;0.273803710938;8.0;-60.171875;-18.4921875;0.258056640625;0.9296875;0.16162109375;54.375;14.078125;19.1796875;0.263671875;0.96630859375;0.385986328125
2017-02-16 17:06:56.500;54.375;-60.171875;-18.4921875;0.263671875;0.96630859375;0.385986328125;54.375;-60.171875;-18.4921875;0.263671875;0.96630859375;0.385986328125;54.375;-60.171875;-18.4921875;0.263671875;0.96630859375;0.385986328125
2017-02-16 17:06:57.000;28.81640625;-27.515625;-2.73046875;0.210327148438;0.93603515625;0.375;3.2578125;-60.171875;-18.4921875;0.156982421875;0.90576171875;0.364013671875;54.375;5.140625;13.03125;0.263671875;0.96630859375;0.385986328125
2017-02-16 17:06:57.500;3.2578125;5.140625;13.03125;0.156982421875;0.90576171875;0.364013671875;3.2578125;5.140625;13.03125;0.156982421875;0.90576171875;0.364013671875;3.2578125;5.140625;13.03125;0.156982421875;0.90576171875;0.364013671875
2017-02-16 17:06:58.000;5.66015625;-1.890625;9.390625;0.244506835938;0.8935546875;0.396728515625;3.2578125;-8.921875;5.75;0.156982421875;0.88134765625;0.364013671875;8.0625;5.140625;13.03125;0.33203125;0.90576171875;0.429443359375
2017-02-16 17:06:58.500;8.0625;-8.921875;5.75;0.33203125;0.88134765625;0.429443359375;8.0625;-8.921875;5.75;0.33203125;0.88134765625;0.429443359375;8.0625;-8.921875;5.75;0.33203125;0.88134765625;0.429443359375
2017-02-16 17:06:58.500;8.0625;-8.921875;5.75;0.33203125;0.88134765625;0.429443359375;8.0625;-8.921875;5.75;0.33203125;0.88134765625;0.429443359375;8.0625;-8.921875;5.75;0.33203125;0.88134765625;0.429443359375
2017-02-16 17:06:59.000;7.50390625;-3.4453125;4.328125;0.32861328125;0.892333984375;0.401000976562;6.9453125;-8.921875;2.90625;0.3251953125;0.88134765625;0.37255859375;8.0625;2.03125;5.75;0.33203125;0.9033203125;0.429443359375
2017-02-16 17:06:59.500;6.9453125;2.03125;2.90625;0.3251953125;0.9033203125;0.37255859375;6.9453125;2.03125;2.90625;0.3251953125;0.9033203125;0.37255859375;6.9453125;2.03125;2.90625;0.3251953125;0.9033203125;0.37255859375
2017-02-16 17:07:00.000;3.890625;-11.27734375;9.3828125;0.3037109375;0.898193359375;0.469116210938;0.8359375;-24.5859375;2.90625;0.2822265625;0.89306640625;0.37255859375;6.9453125;2.03125;15.859375;0.3251953125;0.9033203125;0.565673828125
2017-02-16 17:07:00.500;0.8359375;-24.5859375;15.859375;0.2822265625;0.89306640625;0.565673828125;0.8359375;-24.5859375;15.859375;0.2822265625;0.89306640625;0.565673828125;0.8359375;-24.5859375;15.859375;0.2822265625;0.89306640625;0.565673828125
2017-02-16 17:07:01.000;13.16015625;-8.01171875;16.25390625;0.160766601562;0.946899414065;0.534545898438;0.8359375;-24.5859375;15.859375;0.039306640625;0.89306640625;0.50341796875;25.484375;8.5625;16.6484375;0.2822265625;1.00073242188;0.565673828125
2017-02-16 17:07:01.500;25.484375;8.5625;16.6484375;0.039306640625;1.00073242188;0.50341796875;25.484375;8.5625;16.6484375;0.039306640625;1.00073242188;0.50341796875;25.484375;8.5625;16.6484375;0.039306640625;1.00073242188;0.50341796875
2017-02-16 17:07:02.000;13.78125;2.37890625;9.70703125;-0.18701171875;0.91394042969;0.381591796875;2.078125;-3.8046875;2.765625;-0.413330078125;0.8271484375;0.259765625;25.484375;8.5625;16.6484375;0.039306640625;1.00073242188;0.50341796875
2017-02-16 17:07:02.500;2.078125;-3.8046875;2.765625;-0.413330078125;0.8271484375;0.259765625;2.078125;-3.8046875;2.765625;-0.413330078125;0.8271484375;0.259765625;2.078125;-3.8046875;2.765625;-0.413330078125;0.8271484375;0.259765625
2017-02-16 17:07:03.000;2.875;3.4140625;2.8828125;-0.328735351562;0.912109375;0.240112304688;2.078125;-3.8046875;2.765625;-0.413330078125;0.8271484375;0.220458984375;3.671875;10.6328125;3.0;-0.244140625;0.9970703125;0.259765625
2017-02-16 17:07:03.500;3.671875;10.6328125;3.0;-0.244140625;0.9970703125;0.220458984375;3.671875;10.6328125;3.0;-0.244140625;0.9970703125;0.220458984375;3.671875;10.6328125;3.0;-0.244140625;0.9970703125;0.220458984375
2017-02-16 17:07:04.000;-8.890625;15.84375;6.38671875;-0.154174804688;0.976806640625;0.263671875;-21.453125;10.6328125;3.0;-0.244140625;0.95654296875;0.220458984375;3.671875;21.0546875;9.7734375;-0.064208984375;0.9970703125;0.306884765625
2017-02-16 17:07:04.500;-21.453125;21.0546875;9.7734375;-0.064208984375;0.95654296875;0.306884765625;-21.453125;21.0546875;9.7734375;-0.064208984375;0.95654296875;0.306884765625;-21.453125;21.0546875;9.7734375;-0.064208984375;0.95654296875;0.306884765625
2017-02-16 17:07:05.000;-9.6484375;18.60546875;7.015625;0.256469726562;0.767700195312;0.3515625;-21.453125;16.15625;4.2578125;-0.064208984375;0.578857421875;0.306884765625;2.15625;21.0546875;9.7734375;0.5771484375;0.95654296875;0.396240234375
2017-02-16 17:07:05.500;2.15625;16.15625;4.2578125;0.5771484375;0.578857421875;0.396240234375;2.15625;16.15625;4.2578125;0.5771484375;0.578857421875;0.396240234375;2.15625;16.15625;4.2578125;0.5771484375;0.578857421875;0.396240234375
2017-02-16 17:07:06.000;-2.66015625;8.1484375;-2.95703125;0.432495117188;0.74560546875;0.2861328125;-7.4765625;0.140625;-10.171875;0.287841796875;0.578857421875;0.176025390625;2.15625;16.15625;4.2578125;0.5771484375;0.912353515625;0.396240234375
2017-02-16 17:07:06.500;-5.908203125;-2.04296875;-9.1318359375;0.288055419922;0.901031494141;0.194885253906;-7.4765625;-17.328125;-10.171875;0.287841796875;0.82177734375;0.176025390625;5.0703125;0.140625;-1.8515625;0.28955078125;0.912353515625;0.326904296875
2017-02-16 17:07:07.000;0.365234375;-10.77734375;-4.9716796875;0.288909912109;0.855743408203;0.270324707031;-7.4765625;-17.328125;-10.171875;0.287841796875;0.82177734375;0.176025390625;5.0703125;0.140625;-1.8515625;0.28955078125;0.912353515625;0.326904296875
2017-02-16 17:07:07.500;5.0703125;-17.328125;-1.8515625;0.28955078125;0.82177734375;0.326904296875;5.0703125;-17.328125;-1.8515625;0.28955078125;0.82177734375;0.326904296875;5.0703125;-17.328125;-1.8515625;0.28955078125;0.82177734375;0.326904296875
2017-02-16 17:07:08.000;6.0234375;39.60546875;8.6484375;0.287353515625;0.872924804688;0.304931640625;5.0703125;-17.328125;-1.8515625;0.28515625;0.82177734375;0.282958984375;6.9765625;96.5390625;19.1484375;0.28955078125;0.924072265625;0.326904296875
2017-02-16 17:07:08.500;6.9765625;96.5390625;19.1484375;0.28515625;0.924072265625;0.282958984375;6.9765625;96.5390625;19.1484375;0.28515625;0.924072265625;0.282958984375;6.9765625;96.5390625;19.1484375;0.28515625;0.924072265625;0.282958984375
2017-02-16 17:07:09.000;0.24609375;50.28125;14.81640625;0.242065429688;0.958374023438;0.234497070312;-6.484375;4.0234375;10.484375;0.198974609375;0.924072265625;0.18603515625;6.9765625;96.5390625;19.1484375;0.28515625;0.99267578125;0.282958984375
2017-02-16 17:07:09.500;-6.484375;4.0234375;10.484375;0.198974609375;0.99267578125;0.18603515625;-6.484375;4.0234375;10.484375;0.198974609375;0.99267578125;0.18603515625;-6.484375;4.0234375;10.484375;0.198974609375;0.99267578125;0.18603515625
2017-02-16 17:07:10.000;0.7578125;7.54296875;-5.45703125;-0.0599365234375;0.945556640625;0.136474609375;-6.484375;4.0234375;-21.3984375;-0.31884765625;0.8984375;0.0869140625;8.0;11.0625;10.484375;0.198974609375;0.99267578125;0.18603515625
2017-02-16 17:07:10.500;8.0;11.0625;-21.3984375;-0.31884765625;0.8984375;0.0869140625;8.0;11.0625;-21.3984375;-0.31884765625;0.8984375;0.0869140625;8.0;11.0625;-21.3984375;-0.31884765625;0.8984375;0.0869140625
2017-02-16 17:07:11.000;-24.75;40.04296875;16.09765625;-0.350219726562;0.93896484375;-0.02001953125;-57.5;11.0625;-21.3984375;-0.381591796875;0.8984375;-0.126953125;8.0;69.0234375;53.59375;-0.31884765625;0.9794921875;0.0869140625
2017-02-16 17:07:11.500;-57.5;69.0234375;53.59375;-0.381591796875;0.9794921875;-0.126953125;-57.5;69.0234375;53.59375;-0.381591796875;0.9794921875;-0.126953125;-57.5;69.0234375;53.59375;-0.381591796875;0.9794921875;-0.126953125
2017-02-16 17:07:12.000;-27.74609375;57.8515625;40.86328125;-0.390258789062;1.04162597656;-0.103271484375;-57.5;46.6796875;28.1328125;-0.39892578125;0.9794921875;-0.126953125;2.0078125;69.0234375;53.59375;-0.381591796875;1.10375976562;-0.07958984375
2017-02-16 17:07:12.500;2.0078125;46.6796875;28.1328125;-0.39892578125;1.10375976562;-0.07958984375;2.0078125;46.6796875;28.1328125;-0.39892578125;1.10375976562;-0.07958984375;2.0078125;46.6796875;28.1328125;-0.39892578125;1.10375976562;-0.07958984375
2017-02-16 17:07:13.000;5.4296875;13.3125;12.08984375;-0.533569335938;1.0322265625;-0.129638671875;2.0078125;-20.0546875;-3.953125;-0.668212890625;0.960693359375;-0.1796875;8.8515625;46.6796875;28.1328125;-0.39892578125;1.10375976562;-0.07958984375
2017-02-16 17:07:13.500;24.4638671875;-22.005859375;27.5869140625;-0.583129882812;0.759124755859;0.006256103515;8.8515625;-35.6640625;-3.953125;-0.668212890625;-0.65185546875;-0.1796875;133.75;-20.0546875;248.3671875;0.012451171875;0.960693359375;1.30786132812
2017-02-16 17:07:14.000;86.9130859375;-29.810546875;153.747070312;-0.242797851562;-0.0471496582031;0.750030517575;8.8515625;-35.6640625;-3.953125;-0.668212890625;-0.65185546875;-0.1796875;133.75;-20.0546875;248.3671875;0.012451171875;0.960693359375;1.30786132812
2017-02-16 17:07:14.500;133.75;-35.6640625;248.3671875;0.012451171875;-0.65185546875;1.30786132812;133.75;-35.6640625;248.3671875;0.012451171875;-0.65185546875;1.30786132812;133.75;-35.6640625;248.3671875;0.012451171875;-0.65185546875;1.30786132812
2017-02-16 17:07:15.000;77.140625;15.17578125;110.65234375;-0.15087890625;0.22119140625;0.69152832031;20.53125;-35.6640625;-27.0625;-0.314208984375;-0.65185546875;0.0751953125;133.75;66.015625;248.3671875;0.012451171875;1.09423828125;1.30786132812
2017-02-16 17:07:15.500;20.53125;66.015625;-27.0625;-0.314208984375;1.09423828125;0.0751953125;20.53125;66.015625;-27.0625;-0.314208984375;1.09423828125;0.0751953125;20.53125;66.015625;-27.0625;-0.314208984375;1.09423828125;0.0751953125
2017-02-16 17:07:16.000;10.36328125;32.6484375;-13.953125;-0.316528320312;1.06237792968;0.0543212890625;0.1953125;-0.71875;-27.0625;-0.31884765625;1.03051757812;0.033447265625;20.53125;66.015625;-0.84375;-0.314208984375;1.09423828125;0.0751953125
2017-02-16 17:07:16.500;8.98828125;-7.2626953125;0.3212890625;-0.31689453125;1.0500793457;0.0208129882812;0.1953125;-53.0703125;-0.84375;-0.31884765625;1.03051757812;-0.067626953125;70.5390625;-0.71875;8.4765625;-0.30322265625;1.18701171875;0.033447265625
2017-02-16 17:07:17.000;44.16015625;-33.4384765625;4.9814453125;-0.30908203125;1.12832641601;-0.0297241210938;0.1953125;-53.0703125;-0.84375;-0.31884765625;1.03051757812;-0.067626953125;70.5390625;-0.71875;8.4765625;-0.30322265625;1.18701171875;0.033447265625
2017-02-16 17:07:17.500;70.5390625;-53.0703125;8.4765625;-0.30322265625;1.18701171875;-0.067626953125;70.5390625;-53.0703125;8.4765625;-0.30322265625;1.18701171875;-0.067626953125;70.5390625;-53.0703125;8.4765625;-0.30322265625;1.18701171875;-0.067626953125
2017-02-16 17:07:18.000;43.09375;-23.7265625;7.76171875;-0.406372070312;0.965698242188;-0.189208984375;15.6484375;-53.0703125;7.046875;-0.509521484375;0.744384765625;-0.310791015625;70.5390625;5.6171875;8.4765625;-0.30322265625;1.18701171875;-0.067626953125
2017-02-16 17:07:18.500;15.6484375;5.6171875;7.046875;-0.509521484375;0.744384765625;-0.310791015625;15.6484375;5.6171875;7.046875;-0.509521484375;0.744384765625;-0.310791015625;15.6484375;5.6171875;7.046875;-0.509521484375;0.744384765625;-0.310791015625
2017-02-16 17:07:19.000;-85.9140625;13.69140625;-42.171875;-0.357666015625;0.726196289062;-0.0020751953125;-187.4765625;5.6171875;-91.390625;-0.509521484375;0.7080078125;-0.310791015625;15.6484375;21.765625;7.046875;-0.205810546875;0.744384765625;0.306640625
2017-02-16 17:07:19.500;-187.4765625;21.765625;-91.390625;-0.205810546875;0.7080078125;0.306640625;-187.4765625;21.765625;-91.390625;-0.205810546875;0.7080078125;0.306640625;-187.4765625;21.765625;-91.390625;-0.205810546875;0.7080078125;0.306640625
2017-02-16 17:07:20.000;-98.1875;12.72265625;-45.94140625;-0.353271484375;0.731567382812;0.276611328125;-187.4765625;3.6796875;-91.390625;-0.500732421875;0.7080078125;0.24658203125;-8.8984375;21.765625;-0.4921875;-0.205810546875;0.755126953125;0.306640625
2017-02-16 17:07:20.500;-8.8984375;3.6796875;-0.4921875;-0.500732421875;0.755126953125;0.24658203125;-8.8984375;3.6796875;-0.4921875;-0.500732421875;0.755126953125;0.24658203125;-8.8984375;3.6796875;-0.4921875;-0.500732421875;0.755126953125;0.24658203125
2017-02-16 17:07:21.000;-0.16796875;3.06640625;4.91015625;-0.40380859375;0.863159179688;0.23974609375;-8.8984375;2.453125;-0.4921875;-0.500732421875;0.755126953125;0.23291015625;8.5625;3.6796875;10.3125;-0.306884765625;0.97119140625;0.24658203125
2017-02-16 17:07:21.500;8.5625;2.453125;10.3125;-0.306884765625;0.97119140625;0.23291015625;8.5625;2.453125;10.3125;-0.306884765625;0.97119140625;0.23291015625;8.5625;2.453125;10.3125;-0.306884765625;0.97119140625;0.23291015625
2017-02-16 17:07:22.000;29.55859375;53.1328125;37.13671875;-0.211303710938;0.903686523438;0.19677734375;8.5625;2.453125;10.3125;-0.306884765625;0.836181640625;0.16064453125;50.5546875;103.8125;63.9609375;-0.11572265625;0.97119140625;0.23291015625
2017-02-16 17:07:22.500;50.5546875;103.8125;63.9609375;-0.11572265625;0.836181640625;0.16064453125;50.5546875;103.8125;63.9609375;-0.11572265625;0.836181640625;0.16064453125;50.5546875;103.8125;63.9609375;-0.11572265625;0.836181640625;0.16064453125
2017-02-16 17:07:23.000;31.51953125;40.2734375;62.09765625;0.131225585938;0.749877929688;0.316284179688;12.484375;-23.265625;60.234375;-0.11572265625;0.66357421875;0.16064453125;50.5546875;103.8125;63.9609375;0.378173828125;0.836181640625;0.471923828125
2017-02-16 17:07:23.500;14.1025390625;-5.7763671875;48.640625;0.385864257812;0.703674316406;0.480865478516;12.484375;-23.265625;-32.515625;0.378173828125;0.66357421875;0.471923828125;25.4296875;116.6484375;60.234375;0.439697265625;0.984375;0.54345703125
2017-02-16 17:07:24.000;20.5751953125;64.1806640625;2.265625;0.416625976562;0.864074707031;0.516632080078;12.484375;-23.265625;-32.515625;0.378173828125;0.66357421875;0.471923828125;25.4296875;116.6484375;60.234375;0.439697265625;0.984375;0.54345703125
2017-02-16 17:07:24.500;25.4296875;116.6484375;-32.515625;0.439697265625;0.984375;0.54345703125;25.4296875;116.6484375;-32.515625;0.439697265625;0.984375;0.54345703125;25.4296875;116.6484375;-32.515625;0.439697265625;0.984375;0.54345703125
2017-02-16 17:07:25.000;-8.26953125;44.6796875;-21.0390625;0.299194335938;0.868408203125;0.393310546875;-41.96875;-27.2890625;-32.515625;0.15869140625;0.75244140625;0.2431640625;25.4296875;116.6484375;-9.5625;0.439697265625;0.984375;0.54345703125
2017-02-16 17:07:25.500;-41.96875;-27.2890625;-9.5625;0.15869140625;0.75244140625;0.2431640625;-41.96875;-27.2890625;-9.5625;0.15869140625;0.75244140625;0.2431640625;-41.96875;-27.2890625;-9.5625;0.15869140625;0.75244140625;0.2431640625
2017-02-16 17:07:26.000;-2.80078125;7.88671875;0.4140625;0.108154296875;0.839965820312;0.361572265625;-41.96875;-27.2890625;-9.5625;0.0576171875;0.75244140625;0.2431640625;36.3671875;43.0625;10.390625;0.15869140625;0.927490234375;0.47998046875
2017-02-16 17:07:26.500;36.3671875;43.0625;10.390625;0.0576171875;0.927490234375;0.47998046875;36.3671875;43.0625;10.390625;0.0576171875;0.927490234375;0.47998046875;36.3671875;43.0625;10.390625;0.0576171875;0.927490234375;0.47998046875
2017-02-16 17:07:27.000;-2.63671875;2.88671875;-28.81640625;0.44677734375;0.64501953125;0.575073242188;-41.640625;-37.2890625;-68.0234375;0.0576171875;0.362548828125;0.47998046875;36.3671875;43.0625;10.390625;0.8359375;0.927490234375;0.670166015625
2017-02-16 17:07:27.500;-41.640625;-37.2890625;-68.0234375;0.8359375;0.362548828125;0.670166015625;-41.640625;-37.2890625;-68.0234375;0.8359375;0.362548828125;0.670166015625;-41.640625;-37.2890625;-68.0234375;0.8359375;0.362548828125;0.670166015625
2017-02-16 17:07:28.000;-41.078125;-70.81640625;-56.89453125;1.40539550781;-0.534301757812;-0.0125732421875;-41.640625;-104.34375;-68.0234375;0.8359375;-1.43115234375;-0.6953125;-40.515625;-37.2890625;-45.765625;1.97485351562;0.362548828125;0.670166015625
2017-02-16 17:07:28.500;-40.515625;-104.34375;-45.765625;1.97485351562;-1.43115234375;-0.6953125;-40.515625;-104.34375;-45.765625;1.97485351562;-1.43115234375;-0.6953125;-40.515625;-104.34375;-45.765625;1.97485351562;-1.43115234375;-0.6953125
2017-02-16 17:07:29.000;12.984375;47.546875;27.7421875;0.417724609375;1.251953125;0.770263671875;12.984375;47.546875;27.7421875;0.417724609375;1.251953125;0.770263671875;12.984375;47.546875;27.7421875;0.417724609375;1.251953125;0.770263671875
2017-02-16 17:07:29.500;12.984375;47.546875;27.7421875;0.417724609375;1.251953125;0.770263671875;12.984375;47.546875;27.7421875;0.417724609375;1.251953125;0.770263671875;12.984375;47.546875;27.7421875;0.417724609375;1.251953125;0.770263671875
2017-02-16 17:07:30.000;38.58203125;26.95703125;20.41796875;0.595825195312;0.968872070312;0.515869140625;12.984375;6.3671875;13.09375;0.417724609375;0.685791015625;0.261474609375;64.1796875;47.546875;27.7421875;0.77392578125;1.251953125;0.770263671875
2017-02-16 17:07:30.500;56.9853515625;-1.2001953125;5.2783203125;0.776306152344;0.658477783203;0.21875;6.625;-54.171875;-49.4296875;0.77392578125;0.46728515625;-0.080322265625;64.1796875;6.3671875;13.09375;0.79296875;0.685791015625;0.261474609375
2017-02-16 17:07:31.000;28.2080078125;-31.4697265625;-25.9833984375;0.785827636719;0.549224853516;0.0478515625;6.625;-54.171875;-49.4296875;0.77392578125;0.46728515625;-0.080322265625;64.1796875;6.3671875;13.09375;0.79296875;0.685791015625;0.261474609375
2017-02-16 17:07:31.500;6.625;-54.171875;-49.4296875;0.79296875;0.46728515625;-0.080322265625;6.625;-54.171875;-49.4296875;0.79296875;0.46728515625;-0.080322265625;6.625;-54.171875;-49.4296875;0.79296875;0.46728515625;-0.080322265625
2017-02-16 17:07:32.000;-26.58984375;-49.33984375;15.41796875;0.2958984375;0.825927734375;0.164306640625;-59.8046875;-54.171875;-49.4296875;-0.201171875;0.46728515625;-0.080322265625;6.625;-44.5078125;80.265625;0.79296875;1.1845703125;0.408935546875
2017-02-16 17:07:32.500;-59.8046875;-44.5078125;80.265625;-0.201171875;1.1845703125;0.408935546875;-59.8046875;-44.5078125;80.265625;-0.201171875;1.1845703125;0.408935546875;-59.8046875;-44.5078125;80.265625;-0.201171875;1.1845703125;0.408935546875
2017-02-16 17:07:33.000;13.3046875;-2.87890625;54.48046875;0.0845947265625;1.17443847656;0.272827148438;-59.8046875;-44.5078125;28.6953125;-0.201171875;1.16430664062;0.13671875;86.4140625;38.75;80.265625;0.370361328125;1.1845703125;0.408935546875
2017-02-16 17:07:33.500;86.4140625;38.75;28.6953125;0.370361328125;1.16430664062;0.13671875;86.4140625;38.75;28.6953125;0.370361328125;1.16430664062;0.13671875;86.4140625;38.75;28.6953125;0.370361328125;1.16430664062;0.13671875
2017-02-16 17:07:34.000;22.63671875;-1.515625;-12.21875;0.327880859375;0.878662109372;0.273559570312;-41.140625;-41.78125;-53.1328125;0.285400390625;0.593017578125;0.13671875;86.4140625;38.75;28.6953125;0.370361328125;1.16430664062;0.410400390625
2017-02-16 17:07:34.500;-22.6357421875;-36.83203125;-47.7763671875;0.289703369141;0.657745361328;0.358978271484;-41.140625;-41.78125;-53.1328125;0.285400390625;0.593017578125;-0.0009765625;106.8984375;-2.1875;-10.28125;0.31982421875;1.11083984375;0.410400390625
2017-02-16 17:07:35.000;51.3837890625;-17.03515625;-26.3505859375;0.306915283203;0.916656494141;0.153289794922;-41.140625;-41.78125;-53.1328125;0.285400390625;0.593017578125;-0.0009765625;106.8984375;-2.1875;-10.28125;0.31982421875;1.11083984375;0.410400390625
2017-02-16 17:07:35.500;106.8984375;-2.1875;-10.28125;0.31982421875;1.11083984375;-0.0009765625;106.8984375;-2.1875;-10.28125;0.31982421875;1.11083984375;-0.0009765625;106.8984375;-2.1875;-10.28125;0.31982421875;1.11083984375;-0.0009765625
2017-02-16 17:07:36.000;28.921875;0.015625;-35.13671875;0.552856445312;1.07470703125;0.20556640625;-49.0546875;-2.1875;-59.9921875;0.31982421875;1.03857421875;-0.0009765625;106.8984375;2.21875;-10.28125;0.785888671875;1.11083984375;0.412109375
2017-02-16 17:07:36.500;-49.0546875;2.21875;-59.9921875;0.785888671875;1.03857421875;0.412109375;-49.0546875;2.21875;-59.9921875;0.785888671875;1.03857421875;0.412109375;-49.0546875;2.21875;-59.9921875;0.785888671875;1.03857421875;0.412109375
2017-02-16 17:07:37.000;-23.71484375;-24.3515625;-33.42578125;0.618530273438;0.676391601562;0.234252929688;-49.0546875;-50.921875;-59.9921875;0.451171875;0.314208984375;0.056396484375;1.625;2.21875;-6.859375;0.785888671875;1.03857421875;0.412109375
2017-02-16 17:07:37.500;6.7880859375;-36.2041015625;-8.216796875;0.389129638672;0.474365234376;0.0503845214844;1.625;-50.921875;-17.71875;-0.045166015625;0.314208984375;0.00830078125;42.9296875;66.8203125;-6.859375;0.451171875;1.59545898438;0.056396484375
2017-02-16 17:07:38.000;27.4404296875;22.6669921875;-13.646484375;0.140960693359;1.11499023438;0.0263366699219;1.625;-50.921875;-17.71875;-0.045166015625;0.314208984375;0.00830078125;42.9296875;66.8203125;-6.859375;0.451171875;1.59545898438;0.056396484375
2017-02-16 17:07:38.500;42.9296875;66.8203125;-17.71875;-0.045166015625;1.59545898438;0.00830078125;42.9296875;66.8203125;-17.71875;-0.045166015625;1.59545898438;0.00830078125;42.9296875;66.8203125;-17.71875;-0.045166015625;1.59545898438;0.00830078125
2017-02-16 17:07:39.000;35.7734375;30.9375;3.1484375;0.212768554688;1.07080078125;0.142578125;28.6171875;-4.9453125;-17.71875;-0.045166015625;0.546142578125;0.00830078125;42.9296875;66.8203125;24.015625;0.470703125;1.59545898438;0.27685546875
2017-02-16 17:07:39.500;28.6171875;-4.9453125;24.015625;0.470703125;0.546142578125;0.27685546875;28.6171875;-4.9453125;24.015625;0.470703125;0.546142578125;0.27685546875;28.6171875;-4.9453125;24.015625;0.470703125;0.546142578125;0.27685546875
2017-02-16 17:07:40.000;14.34765625;-1.81640625;8.62109375;0.375122070312;0.759399414062;0.168823242188;0.078125;-4.9453125;-6.7734375;0.279541015625;0.546142578125;0.060791015625;28.6171875;1.3125;24.015625;0.470703125;0.97265625;0.27685546875
2017-02-16 17:07:40.500;0.078125;1.3125;-6.7734375;0.279541015625;0.97265625;0.060791015625;0.078125;1.3125;-6.7734375;0.279541015625;0.97265625;0.060791015625;0.078125;1.3125;-6.7734375;0.279541015625;0.97265625;0.060791015625
2017-02-16 17:07:41.000;-0.8125;0.5078125;-1.1484375;0.280639648438;1.00463867187;0.0548095703125;-1.703125;-0.296875;-6.7734375;0.279541015625;0.97265625;0.048828125;0.078125;1.3125;4.4765625;0.28173828125;1.03662109375;0.060791015625
2017-02-16 17:07:41.500;-1.703125;-0.296875;4.4765625;0.28173828125;1.03662109375;0.048828125;-1.703125;-0.296875;4.4765625;0.28173828125;1.03662109375;0.048828125;-1.703125;-0.296875;4.4765625;0.28173828125;1.03662109375;0.048828125
2017-02-16 17:07:42.000;-0.17578125;1.21484375;4.3984375;0.279418945312;0.964111328125;0.0745849609375;-1.703125;-0.296875;4.3203125;0.277099609375;0.8916015625;0.048828125;1.3515625;2.7265625;4.4765625;0.28173828125;1.03662109375;0.100341796875
2017-02-16 17:07:42.500;1.3515625;2.7265625;4.3203125;0.277099609375;0.8916015625;0.100341796875;1.3515625;2.7265625;4.3203125;0.277099609375;0.8916015625;0.100341796875;1.3515625;2.7265625;4.3203125;0.277099609375;0.8916015625;0.100341796875
2017-02-16 17:07:43.000;30.21484375;51.45703125;49.30859375;0.171752929688;0.820678710937;-0.0303955078125;1.3515625;2.7265625;4.3203125;0.06640625;0.749755859375;-0.1611328125;59.078125;100.1875;94.296875;0.277099609375;0.8916015625;0.100341796875
2017-02-16 17:07:43.500;59.078125;100.1875;94.296875;0.06640625;0.749755859375;-0.1611328125;59.078125;100.1875;94.296875;0.06640625;0.749755859375;-0.1611328125;59.078125;100.1875;94.296875;0.06640625;0.749755859375;-0.1611328125
2017-02-16 17:07:44.000;19.01171875;61.88671875;87.83984375;0.181518554688;0.916625976562;-0.196655273438;-21.0546875;23.5859375;81.3828125;0.06640625;0.749755859375;-0.232177734375;59.078125;100.1875;94.296875;0.296630859375;1.08349609375;-0.1611328125
2017-02-16 17:07:44.500;-15.6240234375;17.552734375;79.5537109375;0.3359375;0.974395751953;-0.158325195312;-21.0546875;-24.6796875;66.75;0.296630859375;0.210693359375;-0.232177734375;22.390625;23.5859375;81.3828125;0.611083984375;1.08349609375;0.358642578125
2017-02-16 17:07:45.000;6.0986328125;-6.580078125;72.2373046875;0.4931640625;0.537994384766;0.137084960938;-21.0546875;-24.6796875;66.75;0.296630859375;0.210693359375;-0.232177734375;22.390625;23.5859375;81.3828125;0.611083984375;1.08349609375;0.358642578125
2017-02-16 17:07:45.500;22.390625;-24.6796875;66.75;0.611083984375;0.210693359375;0.358642578125;22.390625;-24.6796875;66.75;0.611083984375;0.210693359375;0.358642578125;22.390625;-24.6796875;66.75;0.611083984375;0.210693359375;0.358642578125
2017-02-16 17:07:46.000;-0.36328125;-14.40234375;44.9609375;0.483154296875;0.519897460937;0.2275390625;-23.1171875;-24.6796875;23.171875;0.355224609375;0.210693359375;0.096435546875;22.390625;-4.125;66.75;0.611083984375;0.8291015625;0.358642578125
2017-02-16 17:07:46.500;-23.1171875;-4.125;23.171875;0.355224609375;0.8291015625;0.096435546875;-23.1171875;-4.125;23.171875;0.355224609375;0.8291015625;0.096435546875;-23.1171875;-4.125;23.171875;0.355224609375;0.8291015625;0.096435546875
2017-02-16 17:07:47.000;-9.65234375;0.40234375;9.81640625;0.358154296875;0.850463867187;0.176635742188;-23.1171875;-4.125;-3.5390625;0.355224609375;0.8291015625;0.096435546875;3.8125;4.9296875;23.171875;0.361083984375;0.871826171875;0.2568359375
2017-02-16 17:07:47.500;3.8125;4.9296875;-3.5390625;0.361083984375;0.871826171875;0.2568359375;3.8125;4.9296875;-3.5390625;0.361083984375;0.871826171875;0.2568359375;3.8125;4.9296875;-3.5390625;0.361083984375;0.871826171875;0.2568359375
2017-02-16 17:07:48.000;1.8671875;2.578125;0.4296875;0.36376953125;0.867309570312;0.25390625;-0.078125;0.2265625;-3.5390625;0.361083984375;0.86279296875;0.2509765625;3.8125;4.9296875;4.3984375;0.366455078125;0.871826171875;0.2568359375
2017-02-16 17:07:48.500;-0.078125;0.2265625;4.3984375;0.366455078125;0.86279296875;0.2509765625;-0.078125;0.2265625;4.3984375;0.366455078125;0.86279296875;0.2509765625;-0.078125;0.2265625;4.3984375;0.366455078125;0.86279296875;0.2509765625
2017-02-16 17:07:49.000;0.21484375;0.953125;3.578125;0.380859375;0.921508789062;0.249145507812;-0.078125;0.2265625;2.7578125;0.366455078125;0.86279296875;0.247314453125;0.5078125;1.6796875;4.3984375;0.395263671875;0.980224609375;0.2509765625
2017-02-16 17:07:49.500;0.5078125;1.6796875;2.7578125;0.395263671875;0.980224609375;0.247314453125;0.5078125;1.6796875;2.7578125;0.395263671875;0.980224609375;0.247314453125;0.5078125;1.6796875;2.7578125;0.395263671875;0.980224609375;0.247314453125
2017-02-16 17:07:50.000;29.140625;21.20703125;65.140625;0.169067382812;0.544067382812;0.298583984375;0.5078125;1.6796875;2.7578125;-0.05712890625;0.10791015625;0.247314453125;57.7734375;40.734375;127.5234375;0.395263671875;0.980224609375;0.349853515625
2017-02-16 17:07:50.500;57.7734375;40.734375;127.5234375;-0.05712890625;0.10791015625;0.349853515625;57.7734375;40.734375;127.5234375;-0.05712890625;0.10791015625;0.349853515625;57.7734375;40.734375;127.5234375;-0.05712890625;0.10791015625;0.349853515625
2017-02-16 17:07:51.000;-99.11328125;48.8671875;92.09765625;0.25634765625;0.58447265625;0.210693359375;-256.0;40.734375;56.671875;-0.05712890625;0.10791015625;0.071533203125;57.7734375;57.0;127.5234375;0.56982421875;1.06103515625;0.349853515625
2017-02-16 17:07:51.500;-240.8828125;39.720703125;47.3251953125;0.57275390625;1.0114440918;0.147583007812;-256.0;-81.234375;-18.1015625;0.56982421875;0.664306640625;0.071533203125;-135.0625;57.0;56.671875;0.59326171875;1.06103515625;0.679931640625
2017-02-16 17:07:52.000;-180.4140625;-29.396484375;9.9384765625;0.58447265625;0.813079833984;0.451782226562;-256.0;-81.234375;-18.1015625;0.56982421875;0.664306640625;0.071533203125;-135.0625;57.0;56.671875;0.59326171875;1.06103515625;0.679931640625
2017-02-16 17:07:52.500;-135.0625;-81.234375;-18.1015625;0.59326171875;0.664306640625;0.679931640625;-135.0625;-81.234375;-18.1015625;0.59326171875;0.664306640625;0.679931640625;-135.0625;-81.234375;-18.1015625;0.59326171875;0.664306640625;0.679931640625
2017-02-16 17:07:53.000;-79.94140625;-3.6484375;20.8671875;0.356811523438;0.845947265622;0.4111328125;-135.0625;-81.234375;-18.1015625;0.120361328125;0.664306640625;0.142333984375;-24.8203125;73.9375;59.8359375;0.59326171875;1.02758789062;0.679931640625
2017-02-16 17:07:53.500;-24.8203125;73.9375;59.8359375;0.120361328125;1.02758789062;0.142333984375;-24.8203125;73.9375;59.8359375;0.120361328125;1.02758789062;0.142333984375;-24.8203125;73.9375;59.8359375;0.120361328125;1.02758789062;0.142333984375
2017-02-16 17:07:54.000;24.984375;28.06640625;82.87109375;0.638916015622;-0.55114746094;-0.303588867188;-24.8203125;-17.8046875;59.8359375;0.120361328125;-2.1298828125;-0.74951171875;74.7890625;73.9375;105.90625;1.15747070312;1.02758789062;0.142333984375
2017-02-16 17:07:54.500;74.7890625;-17.8046875;105.90625;1.15747070312;-2.1298828125;-0.74951171875;74.7890625;-17.8046875;105.90625;1.15747070312;-2.1298828125;-0.74951171875;74.7890625;-17.8046875;105.90625;1.15747070312;-2.1298828125;-0.74951171875
2017-02-16 17:07:55.000;-34.33984375;61.08984375;-43.40234375;0.26379394531;0.495849609375;-0.34619140625;-143.46875;-17.8046875;-192.7109375;-0.6298828125;-2.1298828125;-0.74951171875;74.7890625;139.984375;105.90625;1.15747070312;3.12158203125;0.05712890625
2017-02-16 17:07:55.500;-93.5361328125;154.485351562;-136.623046875;-0.536346435547;2.83099365234;0.0442199707031;-143.46875;139.984375;-192.7109375;-0.6298828125;0.796875;-0.046142578125;255.9921875;255.9921875;255.9921875;0.118408203125;3.12158203125;0.05712890625
2017-02-16 17:07:56.000;106.194335938;212.489257812;87.728515625;-0.162200927734;1.66864013672;-0.00741577148438;-143.46875;139.984375;-192.7109375;-0.6298828125;0.796875;-0.046142578125;255.9921875;255.9921875;255.9921875;0.118408203125;3.12158203125;0.05712890625
2017-02-16 17:07:56.500;255.9921875;255.9921875;255.9921875;0.118408203125;0.796875;-0.046142578125;255.9921875;255.9921875;255.9921875;0.118408203125;0.796875;-0.046142578125;255.9921875;255.9921875;255.9921875;0.118408203125;0.796875;-0.046142578125
2017-02-16 17:07:57.000;255.9921875;255.9921875;255.9921875;-0.905517578127;0.593627929688;0.852661132812;255.9921875;255.9921875;255.9921875;-1.92944335938;0.390380859375;-0.046142578125;255.9921875;255.9921875;255.9921875;0.118408203125;0.796875;1.75146484375
2017-02-16 17:07:57.500;255.9921875;255.9921875;255.9921875;-1.92944335938;0.390380859375;1.75146484375;255.9921875;255.9921875;255.9921875;-1.92944335938;0.390380859375;1.75146484375;255.9921875;255.9921875;255.9921875;-1.92944335938;0.390380859375;1.75146484375
2017-02-16 17:07:58.000;60.49609375;25.92578125;211.88671875;-0.332641601565;-0.243286132812;1.02502441406;-135.0;-204.140625;167.78125;-1.92944335938;-0.876953125;0.298583984375;255.9921875;255.9921875;255.9921875;1.26416015625;0.390380859375;1.75146484375
2017-02-16 17:07:58.500;-135.0;-204.140625;167.78125;1.26416015625;-0.876953125;0.298583984375;-135.0;-204.140625;167.78125;1.26416015625;-0.876953125;0.298583984375;-135.0;-204.140625;167.78125;1.26416015625;-0.876953125;0.298583984375
